id;entity_id;scenario_id;payload;jhi_order
1;Via Louisiana Markets;99243;Buckinghamshire;32075
2;microchip Borders;17842;Metrics;78609
3;algorithm;11555;turquoise;69085
4;Customer Rwanda;86159;engineer Granite teal;76255
5;bypass;32834;Lempira Managed strategize;2338
6;gold;19579;Personal Loan Account RAM RAM;83000
7;Ball virtual Pizza;14732;compressing;63489
8;User-centric Harbors;47160;Manat;94171
9;Syrian Pound Director Producer;31647;Strategist deposit Mouse;57306
10;granular Accountability;80188;Data Buckinghamshire Cayman Islands;51862
