id;user_id;name;created_at;start_time
1;Bike;rich Ergonomic Steel Mouse;2021-09-01T10:19:02;2021-08-31T22:21:34
2;schemas Advanced;leverage;2021-08-31T11:21:20;2021-09-01T07:20:09
3;enhance;Usability Investor;2021-09-01T06:46:09;2021-08-31T13:38:26
4;Handmade digital communities;Kids harness;2021-08-31T13:31:47;2021-09-01T03:07:00
5;synthesizing;connecting;2021-09-01T09:22:09;2021-09-01T08:23:13
6;Central;alarm synthesizing Barbados Dollar;2021-09-01T07:24:26;2021-08-31T21:35:11
7;Advanced;24/365 enhance;2021-08-31T11:56:12;2021-08-31T23:39:40
8;Liaison;Hat synthesizing;2021-09-01T00:17:48;2021-08-31T15:11:04
9;integrated functionalities Technician;cross-platform envisioneer;2021-09-01T03:23:19;2021-08-31T15:40:21
10;Metal program;Shoes installation;2021-09-01T04:14:32;2021-08-31T12:15:11
